Sentence,Categories,Response,Rationale for Relevant Categories
The dog is barking loudly at the stranger.,"Animal Behavior, Human Interaction, Noise Pollution, Security",Animal Behavior: Relevant | Security: Relevant | Human Interaction: Not Applicable | Noise Pollution: Not Applicable,Animal Behavior: Describes an action associated with animals | Security: Dog barking at a stranger can be seen as a form of security
The recipe calls for two cups of flour.,"Cooking, Measurement, Shopping, Nutrition",Cooking: Relevant | Measurement: Relevant | Shopping: Not Applicable | Nutrition: Not Applicable,"Cooking: Discussing a recipe, directly related to cooking | Measurement: Specifies ""two cups of flour,"" a unit of measurement"
She successfully landed the airplane.,"Transportation, Accomplishment, Emergency, Skill",Transportation: Relevant | Accomplishment: Relevant | Emergency: Not Applicable | Skill: Relevant,Transportation: Airplanes are a mode of transport | Accomplishment: Focus is on the success of landing the airplane | Skill: Requires skill to perform
The solar panel converts sunlight into energy.,"Renewable Energy, Technology, Nature, Physics",Renewable Energy: Relevant | Technology: Relevant | Nature: Not Applicable | Physics: Relevant,Renewable Energy: Converting sunlight to energy is key in renewable energy | Technology: Solar panels are technological devices | Physics: Involves energy conversion
The sky was filled with hues of orange and pink.,"Transportation, Food, Psychology, Technology, Music",Transportation: Not Applicable | Food: Not Applicable | Psychology: Not Applicable | Technology: Not Applicable | Music: Not Applicable,None of the categories relate to describing the colors of the sky.
The movie was thrilling and kept me on the edge of my seat.,"Entertainment, Emotion, Review, Cinematography",Entertainment: Relevant | Emotion: Relevant | Review: Not Applicable | Cinematography: Not Applicable,"Entertainment: Giving an opinion about a movie, which is entertainment | Emotion: Expresses the emotional impact of the movie"
The financial advisor emphasized the importance of diversified investments for long-term growth.,"Finance, Advice, Investment, Growth, Risk, Long-term Planning, Communication",Finance: Relevant | Advice: Relevant | Investment: Relevant | Growth: Relevant | Risk: Not Applicable | Long-term Planning: Relevant | Communication: Not Applicable,Finance: Discusses financial advising and investments | Advice: The financial advisor is giving advice | Investment: Talks about diversified investments | Growth: Mentions long-term growth | Long-term Planning: Talks about long-term investment strategies
"During the basketball game, the player showed incredible skill, teamwork, and sportsmanship.","Sports, Skill, Teamwork, Competition, Entertainment, Behavior, Strategy",Sports: Relevant | Skill: Relevant | Teamwork: Relevant | Competition: Relevant | Entertainment: Not Applicable | Behavior: Relevant | Strategy: Not Applicable,"Sports: It's a basketball game | Skill: Player showed incredible skill | Teamwork: Mentions teamwork during the game | Competition: It's a game, which is a form of competition | Behavior: Mentions sportsmanship, which is a form of behavior"
"The scientist explained the relationship between climate change, greenhouse gases, and global warming during the conference.","Science, Climate Change, Communication, Education, Environment, Global Issues, Public Speaking",Science: Relevant | Climate Change: Relevant | Communication: Relevant | Education: Relevant | Environment: Relevant | Global Issues: Relevant | Public Speaking: Not Applicable,Science: The topic is scientifically based | Climate Change: Directly talks about climate change | Communication: The scientist is explaining something at a conference | Education: The conference aims to educate | Environment: Discusses environmental issues | Global Issues: Talks about global warming
She wore her favorite bracelet.,"Science, Education, Politics, Healthcare, Travel",Science: Not Applicable | Education: Not Applicable | Politics: Not Applicable | Healthcare: Not Applicable | Travel: Not Applicable,None of the categories directly relate to wearing a piece of jewelry.
"The vegan dish was flavorful and rich in nutrients, making it both tasty and healthy.","Cooking, Nutrition, Veganism, Health, Taste, Lifestyle, Ethics",Cooking: Relevant | Nutrition: Relevant | Veganism: Relevant | Health: Relevant | Taste: Relevant | Lifestyle: Not Applicable | Ethics: Not Applicable,"Cooking: Discusses a dish, related to cooking | Nutrition: Mentions nutrients | Veganism: The dish is vegan | Health: The dish is described as healthy | Taste: Describes the dish as flavorful"
"The software development process included version control, quality assurance, and agile methodologies.","Technology, Software Development, Quality, Project Management, Collaboration, Workflow, Planning",Technology: Relevant | Software Development: Relevant | Quality: Relevant | Project Management: Relevant | Collaboration: Not Applicable | Workflow: Relevant | Planning: Not Applicable,"Technology: The topic is software development | Software Development: Specifically mentions the development process | Quality: Includes quality assurance | Project Management: Agile methodologies are a form of project management | Workflow: The process includes different stages, implying a workflow"
The baby smiled for the first time.,"Finance, Law, Agriculture, Sports, Literature",Finance: Not Applicable | Law: Not Applicable | Agriculture: Not Applicable | Sports: Not Applicable | Literature: Not Applicable,None of the categories relate to a baby's first smile.
The gardener watered the plants in the morning.,"Agriculture, Time Management, Business, Gardening, Interior Design, Weather",Agriculture: Not Applicable | Time Management: Not Applicable | Business: Not Applicable | Gardening: Relevant | Interior Design: Not Applicable | Weather: Not Applicable,Gardening: The action directly pertains to gardening; all other contexts are not directly related to the sentence.
The comedian kept the audience laughing.,"Entertainment, Comedy, Public Speaking, Psychology, Journalism, Marketing",Entertainment: Relevant | Comedy: Not Applicable | Public Speaking: Not Applicable | Psychology: Not Applicable | Journalism: Not Applicable | Marketing: Not Applicable,"Entertainment: The situation occurs in a context meant for entertainment, and none of the other categories are directly applicable."
The bookshelf is made of oak.,"Furniture, Materials, Construction, Design, Ecology, History",Furniture: Relevant | Materials: Not Applicable | Construction: Not Applicable | Design: Not Applicable | Ecology: Not Applicable | History: Not Applicable,"Furniture: The sentence discusses a bookshelf, which is a piece of furniture; none of the other categories are directly related."